{"cameraMode":{"drawMode":0,"name":"Shaded","section":"Shading Mode"},"sceneLighting":true,"audioPlay":false,"sceneViewState":{"m_AlwaysRefresh":false,"showFog":true,"showSkybox":true,"showFlares":true,"showImageEffects":true,"showParticleSystems":true,"showVisualEffectGraphs":true,"m_FxEnabled":true},"in2DMode":false,"pivot":{"x":0.29436400532722475,"y":1.1761527061462403,"z":0.5959290266036987},"rotation":{"x":0.14155225455760957,"y":0.6595537662506104,"z":-0.12842980027198792,"w":0.7269783616065979},"size":0.1467089056968689,"orthographic":false}